{
  "max_growth_steps": 200,
  "size_x": 10,
  "size_y": 10,
  "diffusion_rate": 0.057877759030546316,
  "num_morphogens": 3,
  "division_threshold": 0.6609397138489155,
  "cell_differentiation_threshold": 0.5115130289003378,
  "axon_growth_threshold": 0.25787803079274924,
  "max_axon_length": 8,
  "axon_connect_threshold": 0.8315236064944369,
  "self_connect_isolated_neurons_fraction": 0.0821359891709736,
  "weight_adjustment_target": 0.3878606217053677,
  "weight_adjustment_rate": 0.005430508620280855,
  "progenitor_secretion_rates": [
    0.3560141820218277,
    0.16379128935388926,
    0.0036943183759387543
  ],
  "neuron_secretion_rates": [
    0.16754117752311432,
    0.27345795811903256,
    0.377224742657233
  ],
  "inhibition_matrix": [
    [
      0.0,
      0.0,
      0.08244258646806085
    ],
    [
      0.23085191258303045,
      0.0,
      0.0
    ],
    [
      0.0,
      0.0,
      0.0
    ]
  ],
  "diffusion_patterns": [
    [
      [
        0.13858648629577008,
        0.0840288006561236,
        0.050380871354203
      ],
      [
        0.07593441462792165,
        0.12949849597962548,
        0.12548835231327027
      ],
      [
        0.1184648631981212,
        0.15484465975788664,
        0.12277305581707806
      ]
    ],
    [
      [
        0.19075055810585465,
        0.14732346116362538,
        0.0074868826156774294
      ],
      [
        0.10304650674472308,
        0.167395722255694,
        0.17745335058833372
      ],
      [
        0.04356716668965129,
        0.008819529877117585,
        0.15415682195932295
      ]
    ],
    [
      [
        0.1522715247475296,
        0.01782372294278353,
        0.19203029497330154
      ],
      [
        0.08601246018749996,
        0.12625670207177964,
        0.029358375741072237
      ],
      [
        0.14513621808851784,
        0.15183083891754193,
        0.09927986232997368
      ]
    ]
  ]
}