{
  "max_growth_steps": 200,
  "size_x": 10,
  "size_y": 10,
  "diffusion_rate": 0.07164519990910984,
  "num_morphogens": 3,
  "division_threshold": 0.4714181596161754,
  "cell_differentiation_threshold": 0.3637530315412277,
  "axon_growth_threshold": 0.36466205019676445,
  "max_axon_length": 9,
  "axon_connect_threshold": 0.4729159099801214,
  "self_connect_isolated_neurons_fraction": 0.2318889658480126,
  "weight_adjustment_target": 0.5892911876915873,
  "weight_adjustment_rate": 0.017137809312110005,
  "progenitor_secretion_rates": [
    0.37921788850979055,
    0.30114467239779014,
    0.4331140341388901
  ],
  "neuron_secretion_rates": [
    0.05917628079291376,
    0.02292972714390573,
    0.3984028712869339
  ],
  "inhibition_matrix": [
    [
      0.0,
      0.0,
      0.2792953370813794
    ],
    [
      0.0,
      0.0,
      0.0
    ],
    [
      0.0,
      0.02093398160570603,
      0.0
    ]
  ],
  "diffusion_patterns": [
    [
      [
        0.14596943433139795,
        0.018132669783766688,
        0.13563245581191952
      ],
      [
        0.1465657481166312,
        0.12248924743541302,
        0.06791117504030784
      ],
      [
        0.11919295223827268,
        0.0953558261380093,
        0.14875049110428176
      ]
    ],
    [
      [
        0.2056446436164323,
        0.036281997184800234,
        0.16069703790359388
      ],
      [
        0.02321251719830143,
        0.15442014030085202,
        0.03453597767147495
      ],
      [
        0.14302805449518202,
        0.23411440457951008,
        0.008065227049853147
      ]
    ],
    [
      [
        0.08212179873546852,
        0.0999541729951199,
        0.0846435389259843
      ],
      [
        0.0993621542870332,
        0.06526654541474215,
        0.10551050506687686
      ],
      [
        0.1296405147732384,
        0.16059489207295222,
        0.1729058777285844
      ]
    ]
  ]
}