{
  "neurons": [
    100,
    100
  ],
  "edges": [
    259,
    259
  ],
  "reward": [
    500.0,
    500.0
  ],
  "best_fit": [
    0.9999999999999432,
    0.9999999999999432
  ],
  "first_solver_gen": 0,
  "seed": 1,
  "penalize": false
}